,computational time (min),score test ,score training,splits
values,12.158116130034129,0.5145861068640161,0.6327756251285833,5
