,computational time (min),score test ,score training,splits
values,19.581883577505746,0.514417514955265,0.6348693518953835,5
